,voivodeship,year,month,vehicles,date
0,dolnośląskie,2014,1,7921,01-2014
1,kujawsko-pomorskie,2014,1,5153,01-2014
2,lubelskie,2014,1,4864,01-2014
3,lubuskie,2014,1,3217,01-2014
4,łódzkie,2014,1,5798,01-2014
5,małopolskie,2014,1,8950,01-2014
6,mazowieckie,2014,1,17194,01-2014
7,opolskie,2014,1,2687,01-2014
8,podkarpackie,2014,1,5183,01-2014
9,podlaskie,2014,1,2617,01-2014
10,pomorskie,2014,1,5881,01-2014
11,śląskie,2014,1,11788,01-2014
12,świętokrzyskie,2014,1,3199,01-2014
13,warmińsko-mazurskie,2014,1,2852,01-2014
14,wielkopolskie,2014,1,12832,01-2014
15,zachodniopomorskie,2014,1,4103,01-2014
16,dolnośląskie,2014,2,8505,02-2014
17,kujawsko-pomorskie,2014,2,5374,02-2014
18,lubelskie,2014,2,5159,02-2014
19,lubuskie,2014,2,3461,02-2014
20,łódzkie,2014,2,6539,02-2014
21,małopolskie,2014,2,9541,02-2014
22,mazowieckie,2014,2,19587,02-2014
23,opolskie,2014,2,2594,02-2014
24,podkarpackie,2014,2,5173,02-2014
25,podlaskie,2014,2,3017,02-2014
26,pomorskie,2014,2,6626,02-2014
27,śląskie,2014,2,12834,02-2014
28,świętokrzyskie,2014,2,3450,02-2014
29,warmińsko-mazurskie,2014,2,3195,02-2014
30,wielkopolskie,2014,2,14272,02-2014
31,zachodniopomorskie,2014,2,4309,02-2014
32,dolnośląskie,2014,3,9831,03-2014
33,kujawsko-pomorskie,2014,3,6753,03-2014
34,lubelskie,2014,3,6786,03-2014
35,lubuskie,2014,3,4081,03-2014
36,łódzkie,2014,3,8154,03-2014
37,małopolskie,2014,3,11134,03-2014
38,mazowieckie,2014,3,25124,03-2014
39,opolskie,2014,3,3120,03-2014
40,podkarpackie,2014,3,6324,03-2014
41,podlaskie,2014,3,3763,03-2014
42,pomorskie,2014,3,7795,03-2014
43,śląskie,2014,3,14899,03-2014
44,świętokrzyskie,2014,3,4173,03-2014
45,warmińsko-mazurskie,2014,3,4038,03-2014
46,wielkopolskie,2014,3,17037,03-2014
47,zachodniopomorskie,2014,3,5187,03-2014
48,dolnośląskie,2014,4,9636,04-2014
49,kujawsko-pomorskie,2014,4,7036,04-2014
50,lubelskie,2014,4,6760,04-2014
51,lubuskie,2014,4,4170,04-2014
52,łódzkie,2014,4,8022,04-2014
53,małopolskie,2014,4,10995,04-2014
54,mazowieckie,2014,4,24120,04-2014
55,opolskie,2014,4,3140,04-2014
56,podkarpackie,2014,4,6383,04-2014
57,podlaskie,2014,4,3915,04-2014
58,pomorskie,2014,4,7849,04-2014
59,śląskie,2014,4,14019,04-2014
60,świętokrzyskie,2014,4,4236,04-2014
61,warmińsko-mazurskie,2014,4,4250,04-2014
62,wielkopolskie,2014,4,17051,04-2014
63,zachodniopomorskie,2014,4,5262,04-2014
64,dolnośląskie,2014,5,8938,05-2014
65,kujawsko-pomorskie,2014,5,6252,05-2014
66,lubelskie,2014,5,6256,05-2014
67,lubuskie,2014,5,3806,05-2014
68,łódzkie,2014,5,7472,05-2014
69,małopolskie,2014,5,9909,05-2014
70,mazowieckie,2014,5,22492,05-2014
71,opolskie,2014,5,2925,05-2014
72,podkarpackie,2014,5,5961,05-2014
73,podlaskie,2014,5,3310,05-2014
74,pomorskie,2014,5,6969,05-2014
75,śląskie,2014,5,12743,05-2014
76,świętokrzyskie,2014,5,4075,05-2014
77,warmińsko-mazurskie,2014,5,3775,05-2014
78,wielkopolskie,2014,5,15448,05-2014
79,zachodniopomorskie,2014,5,4832,05-2014
80,dolnośląskie,2014,6,9059,06-2014
81,kujawsko-pomorskie,2014,6,6229,06-2014
82,lubelskie,2014,6,6121,06-2014
83,lubuskie,2014,6,3785,06-2014
84,łódzkie,2014,6,7338,06-2014
85,małopolskie,2014,6,9926,06-2014
86,mazowieckie,2014,6,21889,06-2014
87,opolskie,2014,6,2908,06-2014
88,podkarpackie,2014,6,6040,06-2014
89,podlaskie,2014,6,3398,06-2014
90,pomorskie,2014,6,7297,06-2014
91,śląskie,2014,6,13029,06-2014
92,świętokrzyskie,2014,6,3842,06-2014
93,warmińsko-mazurskie,2014,6,3932,06-2014
94,wielkopolskie,2014,6,15031,06-2014
95,zachodniopomorskie,2014,6,4866,06-2014
96,dolnośląskie,2014,7,9940,07-2014
97,kujawsko-pomorskie,2014,7,6993,07-2014
98,lubelskie,2014,7,6974,07-2014
99,lubuskie,2014,7,4175,07-2014
100,łódzkie,2014,7,8002,07-2014
101,małopolskie,2014,7,10966,07-2014
102,mazowieckie,2014,7,23771,07-2014
103,opolskie,2014,7,3166,07-2014
104,podkarpackie,2014,7,6904,07-2014
105,podlaskie,2014,7,3665,07-2014
106,pomorskie,2014,7,8073,07-2014
107,śląskie,2014,7,14003,07-2014
108,świętokrzyskie,2014,7,4361,07-2014
109,warmińsko-mazurskie,2014,7,4442,07-2014
110,wielkopolskie,2014,7,16385,07-2014
111,zachodniopomorskie,2014,7,5669,07-2014
112,dolnośląskie,2014,8,8249,08-2014
113,kujawsko-pomorskie,2014,8,5842,08-2014
114,lubelskie,2014,8,5853,08-2014
115,lubuskie,2014,8,3660,08-2014
116,łódzkie,2014,8,6455,08-2014
117,małopolskie,2014,8,9191,08-2014
118,mazowieckie,2014,8,19069,08-2014
119,opolskie,2014,8,2848,08-2014
120,podkarpackie,2014,8,5994,08-2014
121,podlaskie,2014,8,3062,08-2014
122,pomorskie,2014,8,6689,08-2014
123,śląskie,2014,8,11538,08-2014
124,świętokrzyskie,2014,8,3597,08-2014
125,warmińsko-mazurskie,2014,8,3736,08-2014
126,wielkopolskie,2014,8,13592,08-2014
127,zachodniopomorskie,2014,8,4784,08-2014
128,dolnośląskie,2014,9,9141,09-2014
129,kujawsko-pomorskie,2014,9,6086,09-2014
130,lubelskie,2014,9,6087,09-2014
131,lubuskie,2014,9,3649,09-2014
132,łódzkie,2014,9,7183,09-2014
133,małopolskie,2014,9,9834,09-2014
134,mazowieckie,2014,9,21797,09-2014
135,opolskie,2014,9,2802,09-2014
136,podkarpackie,2014,9,5893,09-2014
137,podlaskie,2014,9,3261,09-2014
138,pomorskie,2014,9,7325,09-2014
139,śląskie,2014,9,12636,09-2014
140,świętokrzyskie,2014,9,3796,09-2014
141,warmińsko-mazurskie,2014,9,3717,09-2014
142,wielkopolskie,2014,9,14542,09-2014
143,zachodniopomorskie,2014,9,5013,09-2014
144,dolnośląskie,2014,10,9816,10-2014
145,kujawsko-pomorskie,2014,10,6218,10-2014
146,lubelskie,2014,10,6419,10-2014
147,lubuskie,2014,10,4027,10-2014
148,łódzkie,2014,10,7654,10-2014
149,małopolskie,2014,10,10723,10-2014
150,mazowieckie,2014,10,23365,10-2014
151,opolskie,2014,10,2986,10-2014
152,podkarpackie,2014,10,6221,10-2014
153,podlaskie,2014,10,3225,10-2014
154,pomorskie,2014,10,7657,10-2014
155,śląskie,2014,10,13958,10-2014
156,świętokrzyskie,2014,10,3839,10-2014
157,warmińsko-mazurskie,2014,10,3723,10-2014
158,wielkopolskie,2014,10,15866,10-2014
159,zachodniopomorskie,2014,10,5081,10-2014
160,dolnośląskie,2014,11,7297,11-2014
161,kujawsko-pomorskie,2014,11,4746,11-2014
162,lubelskie,2014,11,4777,11-2014
163,lubuskie,2014,11,3124,11-2014
164,łódzkie,2014,11,5870,11-2014
165,małopolskie,2014,11,8242,11-2014
166,mazowieckie,2014,11,18955,11-2014
167,opolskie,2014,11,2325,11-2014
168,podkarpackie,2014,11,4841,11-2014
169,podlaskie,2014,11,2408,11-2014
170,pomorskie,2014,11,5879,11-2014
171,śląskie,2014,11,10757,11-2014
172,świętokrzyskie,2014,11,2936,11-2014
173,warmińsko-mazurskie,2014,11,2828,11-2014
174,wielkopolskie,2014,11,12313,11-2014
175,zachodniopomorskie,2014,11,3882,11-2014
176,dolnośląskie,2014,12,7885,12-2014
177,kujawsko-pomorskie,2014,12,4954,12-2014
178,lubelskie,2014,12,5316,12-2014
179,lubuskie,2014,12,3109,12-2014
180,łódzkie,2014,12,6008,12-2014
181,małopolskie,2014,12,8896,12-2014
182,mazowieckie,2014,12,20966,12-2014
183,opolskie,2014,12,2317,12-2014
184,podkarpackie,2014,12,5597,12-2014
185,podlaskie,2014,12,2704,12-2014
186,pomorskie,2014,12,5949,12-2014
187,śląskie,2014,12,11258,12-2014
188,świętokrzyskie,2014,12,3181,12-2014
189,warmińsko-mazurskie,2014,12,2900,12-2014
190,wielkopolskie,2014,12,13097,12-2014
191,zachodniopomorskie,2014,12,4049,12-2014
0,dolnośląskie,2015,1,8072,01-2015
1,kujawsko-pomorskie,2015,1,5648,01-2015
2,lubelskie,2015,1,5396,01-2015
3,lubuskie,2015,1,3354,01-2015
4,łódzkie,2015,1,6503,01-2015
5,małopolskie,2015,1,9416,01-2015
6,mazowieckie,2015,1,18240,01-2015
7,opolskie,2015,1,2629,01-2015
8,podkarpackie,2015,1,5598,01-2015
9,podlaskie,2015,1,2716,01-2015
10,pomorskie,2015,1,6285,01-2015
11,śląskie,2015,1,11957,01-2015
12,świętokrzyskie,2015,1,3394,01-2015
13,warmińsko-mazurskie,2015,1,3052,01-2015
14,wielkopolskie,2015,1,13557,01-2015
15,zachodniopomorskie,2015,1,4245,01-2015
16,dolnośląskie,2015,2,8489,02-2015
17,kujawsko-pomorskie,2015,2,5820,02-2015
18,lubelskie,2015,2,5562,02-2015
19,lubuskie,2015,2,3575,02-2015
20,łódzkie,2015,2,6506,02-2015
21,małopolskie,2015,2,9110,02-2015
22,mazowieckie,2015,2,20306,02-2015
23,opolskie,2015,2,2580,02-2015
24,podkarpackie,2015,2,5423,02-2015
25,podlaskie,2015,2,3090,02-2015
26,pomorskie,2015,2,6594,02-2015
27,śląskie,2015,2,11856,02-2015
28,świętokrzyskie,2015,2,3381,02-2015
29,warmińsko-mazurskie,2015,2,3235,02-2015
30,wielkopolskie,2015,2,14064,02-2015
31,zachodniopomorskie,2015,2,4300,02-2015
32,dolnośląskie,2015,3,10844,03-2015
33,kujawsko-pomorskie,2015,3,7520,03-2015
34,lubelskie,2015,3,7193,03-2015
35,lubuskie,2015,3,4361,03-2015
36,łódzkie,2015,3,8574,03-2015
37,małopolskie,2015,3,12022,03-2015
38,mazowieckie,2015,3,26636,03-2015
39,opolskie,2015,3,3269,03-2015
40,podkarpackie,2015,3,7115,03-2015
41,podlaskie,2015,3,4135,03-2015
42,pomorskie,2015,3,8557,03-2015
43,śląskie,2015,3,16007,03-2015
44,świętokrzyskie,2015,3,4427,03-2015
45,warmińsko-mazurskie,2015,3,4397,03-2015
46,wielkopolskie,2015,3,18183,03-2015
47,zachodniopomorskie,2015,3,5500,03-2015
48,dolnośląskie,2015,4,10729,04-2015
49,kujawsko-pomorskie,2015,4,7428,04-2015
50,lubelskie,2015,4,7205,04-2015
51,lubuskie,2015,4,4285,04-2015
52,łódzkie,2015,4,8501,04-2015
53,małopolskie,2015,4,12049,04-2015
54,mazowieckie,2015,4,25281,04-2015
55,opolskie,2015,4,3346,04-2015
56,podkarpackie,2015,4,6875,04-2015
57,podlaskie,2015,4,3923,04-2015
58,pomorskie,2015,4,8397,04-2015
59,śląskie,2015,4,15193,04-2015
60,świętokrzyskie,2015,4,4439,04-2015
61,warmińsko-mazurskie,2015,4,4349,04-2015
62,wielkopolskie,2015,4,17827,04-2015
63,zachodniopomorskie,2015,4,5503,04-2015
64,dolnośląskie,2015,5,10052,05-2015
65,kujawsko-pomorskie,2015,5,6752,05-2015
66,lubelskie,2015,5,6477,05-2015
67,lubuskie,2015,5,4248,05-2015
68,łódzkie,2015,5,7959,05-2015
69,małopolskie,2015,5,11450,05-2015
70,mazowieckie,2015,5,24379,05-2015
71,opolskie,2015,5,3053,05-2015
72,podkarpackie,2015,5,6421,05-2015
73,podlaskie,2015,5,3618,05-2015
74,pomorskie,2015,5,7887,05-2015
75,śląskie,2015,5,14231,05-2015
76,świętokrzyskie,2015,5,4128,05-2015
77,warmińsko-mazurskie,2015,5,3964,05-2015
78,wielkopolskie,2015,5,16917,05-2015
79,zachodniopomorskie,2015,5,5293,05-2015
80,dolnośląskie,2015,6,10243,06-2015
81,kujawsko-pomorskie,2015,6,6976,06-2015
82,lubelskie,2015,6,6830,06-2015
83,lubuskie,2015,6,4175,06-2015
84,łódzkie,2015,6,8389,06-2015
85,małopolskie,2015,6,11753,06-2015
86,mazowieckie,2015,6,26532,06-2015
87,opolskie,2015,6,3166,06-2015
88,podkarpackie,2015,6,6769,06-2015
89,podlaskie,2015,6,3729,06-2015
90,pomorskie,2015,6,8037,06-2015
91,śląskie,2015,6,14972,06-2015
92,świętokrzyskie,2015,6,4377,06-2015
93,warmińsko-mazurskie,2015,6,4228,06-2015
94,wielkopolskie,2015,6,17345,06-2015
95,zachodniopomorskie,2015,6,5350,06-2015
96,dolnośląskie,2015,7,11215,07-2015
97,kujawsko-pomorskie,2015,7,7493,07-2015
98,lubelskie,2015,7,7608,07-2015
99,lubuskie,2015,7,4663,07-2015
100,łódzkie,2015,7,8875,07-2015
101,małopolskie,2015,7,12945,07-2015
102,mazowieckie,2015,7,26452,07-2015
103,opolskie,2015,7,3395,07-2015
104,podkarpackie,2015,7,7985,07-2015
105,podlaskie,2015,7,4213,07-2015
106,pomorskie,2015,7,8764,07-2015
107,śląskie,2015,7,15402,07-2015
108,świętokrzyskie,2015,7,5001,07-2015
109,warmińsko-mazurskie,2015,7,4721,07-2015
110,wielkopolskie,2015,7,18625,07-2015
111,zachodniopomorskie,2015,7,6030,07-2015
112,dolnośląskie,2015,8,8835,08-2015
113,kujawsko-pomorskie,2015,8,6065,08-2015
114,lubelskie,2015,8,6212,08-2015
115,lubuskie,2015,8,3750,08-2015
116,łódzkie,2015,8,6804,08-2015
117,małopolskie,2015,8,10240,08-2015
118,mazowieckie,2015,8,21307,08-2015
119,opolskie,2015,8,2848,08-2015
120,podkarpackie,2015,8,6644,08-2015
121,podlaskie,2015,8,3276,08-2015
122,pomorskie,2015,8,7102,08-2015
123,śląskie,2015,8,12475,08-2015
124,świętokrzyskie,2015,8,3997,08-2015
125,warmińsko-mazurskie,2015,8,3843,08-2015
126,wielkopolskie,2015,8,14292,08-2015
127,zachodniopomorskie,2015,8,4944,08-2015
128,dolnośląskie,2015,9,9901,09-2015
129,kujawsko-pomorskie,2015,9,6678,09-2015
130,lubelskie,2015,9,6497,09-2015
131,lubuskie,2015,9,4295,09-2015
132,łódzkie,2015,9,8056,09-2015
133,małopolskie,2015,9,10866,09-2015
134,mazowieckie,2015,9,23752,09-2015
135,opolskie,2015,9,3023,09-2015
136,podkarpackie,2015,9,6691,09-2015
137,podlaskie,2015,9,3328,09-2015
138,pomorskie,2015,9,7399,09-2015
139,śląskie,2015,9,13790,09-2015
140,świętokrzyskie,2015,9,4170,09-2015
141,warmińsko-mazurskie,2015,9,4041,09-2015
142,wielkopolskie,2015,9,16445,09-2015
143,zachodniopomorskie,2015,9,5227,09-2015
144,dolnośląskie,2015,10,9857,10-2015
145,kujawsko-pomorskie,2015,10,6435,10-2015
146,lubelskie,2015,10,6326,10-2015
147,lubuskie,2015,10,4174,10-2015
148,łódzkie,2015,10,7457,10-2015
149,małopolskie,2015,10,10787,10-2015
150,mazowieckie,2015,10,23846,10-2015
151,opolskie,2015,10,2876,10-2015
152,podkarpackie,2015,10,6247,10-2015
153,podlaskie,2015,10,3232,10-2015
154,pomorskie,2015,10,7530,10-2015
155,śląskie,2015,10,13621,10-2015
156,świętokrzyskie,2015,10,3876,10-2015
157,warmińsko-mazurskie,2015,10,3859,10-2015
158,wielkopolskie,2015,10,16087,10-2015
159,zachodniopomorskie,2015,10,5270,10-2015
160,dolnośląskie,2015,11,8872,11-2015
161,kujawsko-pomorskie,2015,11,5632,11-2015
162,lubelskie,2015,11,5802,11-2015
163,lubuskie,2015,11,3538,11-2015
164,łódzkie,2015,11,6870,11-2015
165,małopolskie,2015,11,9611,11-2015
166,mazowieckie,2015,11,22713,11-2015
167,opolskie,2015,11,2462,11-2015
168,podkarpackie,2015,11,5998,11-2015
169,podlaskie,2015,11,2865,11-2015
170,pomorskie,2015,11,6758,11-2015
171,śląskie,2015,11,12434,11-2015
172,świętokrzyskie,2015,11,3472,11-2015
173,warmińsko-mazurskie,2015,11,3206,11-2015
174,wielkopolskie,2015,11,14349,11-2015
175,zachodniopomorskie,2015,11,4500,11-2015
176,dolnośląskie,2015,12,8854,12-2015
177,kujawsko-pomorskie,2015,12,5885,12-2015
178,lubelskie,2015,12,6118,12-2015
179,lubuskie,2015,12,3499,12-2015
180,łódzkie,2015,12,6976,12-2015
181,małopolskie,2015,12,10455,12-2015
182,mazowieckie,2015,12,23909,12-2015
183,opolskie,2015,12,2692,12-2015
184,podkarpackie,2015,12,6521,12-2015
185,podlaskie,2015,12,3385,12-2015
186,pomorskie,2015,12,6948,12-2015
187,śląskie,2015,12,13196,12-2015
188,świętokrzyskie,2015,12,3699,12-2015
189,warmińsko-mazurskie,2015,12,3523,12-2015
190,wielkopolskie,2015,12,15349,12-2015
191,zachodniopomorskie,2015,12,5081,12-2015
0,dolnośląskie,2016,1,9686,01-2016
1,kujawsko-pomorskie,2016,1,5657,01-2016
2,lubelskie,2016,1,5840,01-2016
3,lubuskie,2016,1,3755,01-2016
4,łódzkie,2016,1,6818,01-2016
5,małopolskie,2016,1,10088,01-2016
6,mazowieckie,2016,1,20721,01-2016
7,opolskie,2016,1,2756,01-2016
8,podkarpackie,2016,1,5909,01-2016
9,podlaskie,2016,1,3037,01-2016
10,pomorskie,2016,1,6974,01-2016
11,śląskie,2016,1,13245,01-2016
12,świętokrzyskie,2016,1,3902,01-2016
13,warmińsko-mazurskie,2016,1,3330,01-2016
14,wielkopolskie,2016,1,14821,01-2016
15,zachodniopomorskie,2016,1,4693,01-2016
16,dolnośląskie,2016,2,10248,02-2016
17,kujawsko-pomorskie,2016,2,6861,02-2016
18,lubelskie,2016,2,6528,02-2016
19,lubuskie,2016,2,4290,02-2016
20,łódzkie,2016,2,8141,02-2016
21,małopolskie,2016,2,11329,02-2016
22,mazowieckie,2016,2,24313,02-2016
23,opolskie,2016,2,2967,02-2016
24,podkarpackie,2016,2,6292,02-2016
25,podlaskie,2016,2,3515,02-2016
26,pomorskie,2016,2,7672,02-2016
27,śląskie,2016,2,14728,02-2016
28,świętokrzyskie,2016,2,4089,02-2016
29,warmińsko-mazurskie,2016,2,3887,02-2016
30,wielkopolskie,2016,2,17389,02-2016
31,zachodniopomorskie,2016,2,5001,02-2016
32,dolnośląskie,2016,3,11778,03-2016
33,kujawsko-pomorskie,2016,3,7572,03-2016
34,lubelskie,2016,3,7538,03-2016
35,lubuskie,2016,3,4651,03-2016
36,łódzkie,2016,3,9230,03-2016
37,małopolskie,2016,3,13478,03-2016
38,mazowieckie,2016,3,30052,03-2016
39,opolskie,2016,3,3396,03-2016
40,podkarpackie,2016,3,7938,03-2016
41,podlaskie,2016,3,4364,03-2016
42,pomorskie,2016,3,8833,03-2016
43,śląskie,2016,3,16447,03-2016
44,świętokrzyskie,2016,3,4677,03-2016
45,warmińsko-mazurskie,2016,3,4616,03-2016
46,wielkopolskie,2016,3,19680,03-2016
47,zachodniopomorskie,2016,3,5866,03-2016
48,dolnośląskie,2016,4,11736,04-2016
49,kujawsko-pomorskie,2016,4,7775,04-2016
50,lubelskie,2016,4,7824,04-2016
51,lubuskie,2016,4,4930,04-2016
52,łódzkie,2016,4,9675,04-2016
53,małopolskie,2016,4,13320,04-2016
54,mazowieckie,2016,4,29768,04-2016
55,opolskie,2016,4,3428,04-2016
56,podkarpackie,2016,4,7654,04-2016
57,podlaskie,2016,4,4128,04-2016
58,pomorskie,2016,4,9198,04-2016
59,śląskie,2016,4,17381,04-2016
60,świętokrzyskie,2016,4,4719,04-2016
61,warmińsko-mazurskie,2016,4,4863,04-2016
62,wielkopolskie,2016,4,20023,04-2016
63,zachodniopomorskie,2016,4,6041,04-2016
64,dolnośląskie,2016,5,11549,05-2016
65,kujawsko-pomorskie,2016,5,7324,05-2016
66,lubelskie,2016,5,7346,05-2016
67,lubuskie,2016,5,4597,05-2016
68,łódzkie,2016,5,8959,05-2016
69,małopolskie,2016,5,12694,05-2016
70,mazowieckie,2016,5,28183,05-2016
71,opolskie,2016,5,3327,05-2016
72,podkarpackie,2016,5,7496,05-2016
73,podlaskie,2016,5,3821,05-2016
74,pomorskie,2016,5,8566,05-2016
75,śląskie,2016,5,16250,05-2016
76,świętokrzyskie,2016,5,4726,05-2016
77,warmińsko-mazurskie,2016,5,4725,05-2016
78,wielkopolskie,2016,5,18530,05-2016
79,zachodniopomorskie,2016,5,5796,05-2016
80,dolnośląskie,2016,6,12624,06-2016
81,kujawsko-pomorskie,2016,6,7760,06-2016
82,lubelskie,2016,6,7760,06-2016
83,lubuskie,2016,6,4960,06-2016
84,łódzkie,2016,6,9536,06-2016
85,małopolskie,2016,6,13706,06-2016
86,mazowieckie,2016,6,31179,06-2016
87,opolskie,2016,6,3544,06-2016
88,podkarpackie,2016,6,7777,06-2016
89,podlaskie,2016,6,4124,06-2016
90,pomorskie,2016,6,9435,06-2016
91,śląskie,2016,6,17331,06-2016
92,świętokrzyskie,2016,6,5057,06-2016
93,warmińsko-mazurskie,2016,6,4848,06-2016
94,wielkopolskie,2016,6,19842,06-2016
95,zachodniopomorskie,2016,6,6058,06-2016
96,dolnośląskie,2016,7,11079,07-2016
97,kujawsko-pomorskie,2016,7,7245,07-2016
98,lubelskie,2016,7,7473,07-2016
99,lubuskie,2016,7,4641,07-2016
100,łódzkie,2016,7,8700,07-2016
101,małopolskie,2016,7,12307,07-2016
102,mazowieckie,2016,7,26639,07-2016
103,opolskie,2016,7,3250,07-2016
104,podkarpackie,2016,7,8007,07-2016
105,podlaskie,2016,7,3938,07-2016
106,pomorskie,2016,7,8668,07-2016
107,śląskie,2016,7,14946,07-2016
108,świętokrzyskie,2016,7,4929,07-2016
109,warmińsko-mazurskie,2016,7,4791,07-2016
110,wielkopolskie,2016,7,18172,07-2016
111,zachodniopomorskie,2016,7,5932,07-2016
112,dolnośląskie,2016,8,11125,08-2016
113,kujawsko-pomorskie,2016,8,7248,08-2016
114,lubelskie,2016,8,7763,08-2016
115,lubuskie,2016,8,4718,08-2016
116,łódzkie,2016,8,8604,08-2016
117,małopolskie,2016,8,12337,08-2016
118,mazowieckie,2016,8,25877,08-2016
119,opolskie,2016,8,3353,08-2016
120,podkarpackie,2016,8,7823,08-2016
121,podlaskie,2016,8,4076,08-2016
122,pomorskie,2016,8,8652,08-2016
123,śląskie,2016,8,14889,08-2016
124,świętokrzyskie,2016,8,4882,08-2016
125,warmińsko-mazurskie,2016,8,4580,08-2016
126,wielkopolskie,2016,8,17421,08-2016
127,zachodniopomorskie,2016,8,6086,08-2016
128,dolnośląskie,2016,9,11351,09-2016
129,kujawsko-pomorskie,2016,9,7617,09-2016
130,lubelskie,2016,9,7473,09-2016
131,lubuskie,2016,9,4642,09-2016
132,łódzkie,2016,9,8670,09-2016
133,małopolskie,2016,9,12646,09-2016
134,mazowieckie,2016,9,26870,09-2016
135,opolskie,2016,9,3374,09-2016
136,podkarpackie,2016,9,7655,09-2016
137,podlaskie,2016,9,3860,09-2016
138,pomorskie,2016,9,8733,09-2016
139,śląskie,2016,9,15965,09-2016
140,świętokrzyskie,2016,9,4850,09-2016
141,warmińsko-mazurskie,2016,9,4507,09-2016
142,wielkopolskie,2016,9,18482,09-2016
143,zachodniopomorskie,2016,9,6208,09-2016
144,dolnośląskie,2016,10,10588,10-2016
145,kujawsko-pomorskie,2016,10,6751,10-2016
146,lubelskie,2016,10,6963,10-2016
147,lubuskie,2016,10,4357,10-2016
148,łódzkie,2016,10,8414,10-2016
149,małopolskie,2016,10,11976,10-2016
150,mazowieckie,2016,10,25561,10-2016
151,opolskie,2016,10,3089,10-2016
152,podkarpackie,2016,10,6961,10-2016
153,podlaskie,2016,10,3531,10-2016
154,pomorskie,2016,10,7999,10-2016
155,śląskie,2016,10,15188,10-2016
156,świętokrzyskie,2016,10,4388,10-2016
157,warmińsko-mazurskie,2016,10,4165,10-2016
158,wielkopolskie,2016,10,17614,10-2016
159,zachodniopomorskie,2016,10,5452,10-2016
160,dolnośląskie,2016,11,11262,11-2016
161,kujawsko-pomorskie,2016,11,6771,11-2016
162,lubelskie,2016,11,7249,11-2016
163,lubuskie,2016,11,4575,11-2016
164,łódzkie,2016,11,8408,11-2016
165,małopolskie,2016,11,12103,11-2016
166,mazowieckie,2016,11,27944,11-2016
167,opolskie,2016,11,3080,11-2016
168,podkarpackie,2016,11,7306,11-2016
169,podlaskie,2016,11,3880,11-2016
170,pomorskie,2016,11,8353,11-2016
171,śląskie,2016,11,15353,11-2016
172,świętokrzyskie,2016,11,4548,11-2016
173,warmińsko-mazurskie,2016,11,4124,11-2016
174,wielkopolskie,2016,11,18407,11-2016
175,zachodniopomorskie,2016,11,5446,11-2016
176,dolnośląskie,2016,12,13222,12-2016
177,kujawsko-pomorskie,2016,12,8183,12-2016
178,lubelskie,2016,12,9453,12-2016
179,lubuskie,2016,12,5572,12-2016
180,łódzkie,2016,12,9998,12-2016
181,małopolskie,2016,12,14738,12-2016
182,mazowieckie,2016,12,31168,12-2016
183,opolskie,2016,12,4132,12-2016
184,podkarpackie,2016,12,9000,12-2016
185,podlaskie,2016,12,4761,12-2016
186,pomorskie,2016,12,9796,12-2016
187,śląskie,2016,12,17486,12-2016
188,świętokrzyskie,2016,12,5394,12-2016
189,warmińsko-mazurskie,2016,12,4986,12-2016
190,wielkopolskie,2016,12,21558,12-2016
191,zachodniopomorskie,2016,12,7251,12-2016
0,dolnośląskie,2017,1,9163,01-2017
1,kujawsko-pomorskie,2017,1,5790,01-2017
2,lubelskie,2017,1,5873,01-2017
3,lubuskie,2017,1,3638,01-2017
4,łódzkie,2017,1,6959,01-2017
5,małopolskie,2017,1,10492,01-2017
6,mazowieckie,2017,1,23190,01-2017
7,opolskie,2017,1,2689,01-2017
8,podkarpackie,2017,1,5773,01-2017
9,podlaskie,2017,1,3160,01-2017
10,pomorskie,2017,1,6671,01-2017
11,śląskie,2017,1,13220,01-2017
12,świętokrzyskie,2017,1,3788,01-2017
13,warmińsko-mazurskie,2017,1,3128,01-2017
14,wielkopolskie,2017,1,15125,01-2017
15,zachodniopomorskie,2017,1,4418,01-2017
16,dolnośląskie,2017,2,9380,02-2017
17,kujawsko-pomorskie,2017,2,5994,02-2017
18,lubelskie,2017,2,6084,02-2017
19,lubuskie,2017,2,3868,02-2017
20,łódzkie,2017,2,7640,02-2017
21,małopolskie,2017,2,11086,02-2017
22,mazowieckie,2017,2,24955,02-2017
23,opolskie,2017,2,2810,02-2017
24,podkarpackie,2017,2,6550,02-2017
25,podlaskie,2017,2,3000,02-2017
26,pomorskie,2017,2,7289,02-2017
27,śląskie,2017,2,14719,02-2017
28,świętokrzyskie,2017,2,3879,02-2017
29,warmińsko-mazurskie,2017,2,3380,02-2017
30,wielkopolskie,2017,2,15459,02-2017
31,zachodniopomorskie,2017,2,4590,02-2017
32,dolnośląskie,2017,3,12585,03-2017
33,kujawsko-pomorskie,2017,3,7883,03-2017
34,lubelskie,2017,3,8412,03-2017
35,lubuskie,2017,3,4954,03-2017
36,łódzkie,2017,3,10207,03-2017
37,małopolskie,2017,3,14743,03-2017
38,mazowieckie,2017,3,34164,03-2017
39,opolskie,2017,3,3560,03-2017
40,podkarpackie,2017,3,8955,03-2017
41,podlaskie,2017,3,4576,03-2017
42,pomorskie,2017,3,9965,03-2017
43,śląskie,2017,3,19089,03-2017
44,świętokrzyskie,2017,3,5094,03-2017
45,warmińsko-mazurskie,2017,3,4867,03-2017
46,wielkopolskie,2017,3,20993,03-2017
47,zachodniopomorskie,2017,3,6016,03-2017
48,dolnośląskie,2017,4,10925,04-2017
49,kujawsko-pomorskie,2017,4,7020,04-2017
50,lubelskie,2017,4,7250,04-2017
51,lubuskie,2017,4,4021,04-2017
52,łódzkie,2017,4,8910,04-2017
53,małopolskie,2017,4,12680,04-2017
54,mazowieckie,2017,4,29017,04-2017
55,opolskie,2017,4,3121,04-2017
56,podkarpackie,2017,4,7888,04-2017
57,podlaskie,2017,4,4009,04-2017
58,pomorskie,2017,4,8507,04-2017
59,śląskie,2017,4,15732,04-2017
60,świętokrzyskie,2017,4,4411,04-2017
61,warmińsko-mazurskie,2017,4,4480,04-2017
62,wielkopolskie,2017,4,17902,04-2017
63,zachodniopomorskie,2017,4,5310,04-2017
64,dolnośląskie,2017,5,11470,05-2017
65,kujawsko-pomorskie,2017,5,7256,05-2017
66,lubelskie,2017,5,7573,05-2017
67,lubuskie,2017,5,4520,05-2017
68,łódzkie,2017,5,9405,05-2017
69,małopolskie,2017,5,13740,05-2017
70,mazowieckie,2017,5,30893,05-2017
71,opolskie,2017,5,3333,05-2017
72,podkarpackie,2017,5,8197,05-2017
73,podlaskie,2017,5,4121,05-2017
74,pomorskie,2017,5,8843,05-2017
75,śląskie,2017,5,16823,05-2017
76,świętokrzyskie,2017,5,4772,05-2017
77,warmińsko-mazurskie,2017,5,4551,05-2017
78,wielkopolskie,2017,5,18719,05-2017
79,zachodniopomorskie,2017,5,5681,05-2017
80,dolnośląskie,2017,6,11863,06-2017
81,kujawsko-pomorskie,2017,6,7416,06-2017
82,lubelskie,2017,6,7441,06-2017
83,lubuskie,2017,6,4418,06-2017
84,łódzkie,2017,6,9395,06-2017
85,małopolskie,2017,6,13942,06-2017
86,mazowieckie,2017,6,30945,06-2017
87,opolskie,2017,6,3387,06-2017
88,podkarpackie,2017,6,7886,06-2017
89,podlaskie,2017,6,4061,06-2017
90,pomorskie,2017,6,9106,06-2017
91,śląskie,2017,6,16832,06-2017
92,świętokrzyskie,2017,6,4741,06-2017
93,warmińsko-mazurskie,2017,6,4692,06-2017
94,wielkopolskie,2017,6,19177,06-2017
95,zachodniopomorskie,2017,6,5813,06-2017
96,dolnośląskie,2017,7,,07-2017
97,kujawsko-pomorskie,2017,7,,07-2017
98,lubelskie,2017,7,,07-2017
99,lubuskie,2017,7,,07-2017
100,łódzkie,2017,7,,07-2017
101,małopolskie,2017,7,,07-2017
102,mazowieckie,2017,7,,07-2017
103,opolskie,2017,7,,07-2017
104,podkarpackie,2017,7,,07-2017
105,podlaskie,2017,7,,07-2017
106,pomorskie,2017,7,,07-2017
107,śląskie,2017,7,,07-2017
108,świętokrzyskie,2017,7,,07-2017
109,warmińsko-mazurskie,2017,7,,07-2017
110,wielkopolskie,2017,7,,07-2017
111,zachodniopomorskie,2017,7,,07-2017
112,dolnośląskie,2017,8,,08-2017
113,kujawsko-pomorskie,2017,8,,08-2017
114,lubelskie,2017,8,,08-2017
115,lubuskie,2017,8,,08-2017
116,łódzkie,2017,8,,08-2017
117,małopolskie,2017,8,,08-2017
118,mazowieckie,2017,8,,08-2017
119,opolskie,2017,8,,08-2017
120,podkarpackie,2017,8,,08-2017
121,podlaskie,2017,8,,08-2017
122,pomorskie,2017,8,,08-2017
123,śląskie,2017,8,,08-2017
124,świętokrzyskie,2017,8,,08-2017
125,warmińsko-mazurskie,2017,8,,08-2017
126,wielkopolskie,2017,8,,08-2017
127,zachodniopomorskie,2017,8,,08-2017
128,dolnośląskie,2017,9,,09-2017
129,kujawsko-pomorskie,2017,9,,09-2017
130,lubelskie,2017,9,,09-2017
131,lubuskie,2017,9,,09-2017
132,łódzkie,2017,9,,09-2017
133,małopolskie,2017,9,,09-2017
134,mazowieckie,2017,9,,09-2017
135,opolskie,2017,9,,09-2017
136,podkarpackie,2017,9,,09-2017
137,podlaskie,2017,9,,09-2017
138,pomorskie,2017,9,,09-2017
139,śląskie,2017,9,,09-2017
140,świętokrzyskie,2017,9,,09-2017
141,warmińsko-mazurskie,2017,9,,09-2017
142,wielkopolskie,2017,9,,09-2017
143,zachodniopomorskie,2017,9,,09-2017
144,dolnośląskie,2017,10,,10-2017
145,kujawsko-pomorskie,2017,10,,10-2017
146,lubelskie,2017,10,,10-2017
147,lubuskie,2017,10,,10-2017
148,łódzkie,2017,10,,10-2017
149,małopolskie,2017,10,,10-2017
150,mazowieckie,2017,10,,10-2017
151,opolskie,2017,10,,10-2017
152,podkarpackie,2017,10,,10-2017
153,podlaskie,2017,10,,10-2017
154,pomorskie,2017,10,,10-2017
155,śląskie,2017,10,,10-2017
156,świętokrzyskie,2017,10,,10-2017
157,warmińsko-mazurskie,2017,10,,10-2017
158,wielkopolskie,2017,10,,10-2017
159,zachodniopomorskie,2017,10,,10-2017
160,dolnośląskie,2017,11,,11-2017
161,kujawsko-pomorskie,2017,11,,11-2017
162,lubelskie,2017,11,,11-2017
163,lubuskie,2017,11,,11-2017
164,łódzkie,2017,11,,11-2017
165,małopolskie,2017,11,,11-2017
166,mazowieckie,2017,11,,11-2017
167,opolskie,2017,11,,11-2017
168,podkarpackie,2017,11,,11-2017
169,podlaskie,2017,11,,11-2017
170,pomorskie,2017,11,,11-2017
171,śląskie,2017,11,,11-2017
172,świętokrzyskie,2017,11,,11-2017
173,warmińsko-mazurskie,2017,11,,11-2017
174,wielkopolskie,2017,11,,11-2017
175,zachodniopomorskie,2017,11,,11-2017
176,dolnośląskie,2017,12,,12-2017
177,kujawsko-pomorskie,2017,12,,12-2017
178,lubelskie,2017,12,,12-2017
179,lubuskie,2017,12,,12-2017
180,łódzkie,2017,12,,12-2017
181,małopolskie,2017,12,,12-2017
182,mazowieckie,2017,12,,12-2017
183,opolskie,2017,12,,12-2017
184,podkarpackie,2017,12,,12-2017
185,podlaskie,2017,12,,12-2017
186,pomorskie,2017,12,,12-2017
187,śląskie,2017,12,,12-2017
188,świętokrzyskie,2017,12,,12-2017
189,warmińsko-mazurskie,2017,12,,12-2017
190,wielkopolskie,2017,12,,12-2017
191,zachodniopomorskie,2017,12,,12-2017
0,dolnośląskie,2018,1,11034,01-2018
1,kujawsko-pomorskie,2018,1,6526,01-2018
2,lubelskie,2018,1,6940,01-2018
3,lubuskie,2018,1,4192,01-2018
4,łódzkie,2018,1,8750,01-2018
5,małopolskie,2018,1,12838,01-2018
6,mazowieckie,2018,1,26696,01-2018
7,opolskie,2018,1,3088,01-2018
8,podkarpackie,2018,1,7441,01-2018
9,podlaskie,2018,1,3650,01-2018
10,pomorskie,2018,1,8570,01-2018
11,śląskie,2018,1,16931,01-2018
12,świętokrzyskie,2018,1,4425,01-2018
13,warmińsko-mazurskie,2018,1,3484,01-2018
14,wielkopolskie,2018,1,17421,01-2018
15,zachodniopomorskie,2018,1,5228,01-2018
16,dolnośląskie,2018,2,10652,02-2018
17,kujawsko-pomorskie,2018,2,6423,02-2018
18,lubelskie,2018,2,6623,02-2018
19,lubuskie,2018,2,4062,02-2018
20,łódzkie,2018,2,8438,02-2018
21,małopolskie,2018,2,11146,02-2018
22,mazowieckie,2018,2,27213,02-2018
23,opolskie,2018,2,3153,02-2018
24,podkarpackie,2018,2,6648,02-2018
25,podlaskie,2018,2,3716,02-2018
26,pomorskie,2018,2,8094,02-2018
27,śląskie,2018,2,15520,02-2018
28,świętokrzyskie,2018,2,4147,02-2018
29,warmińsko-mazurskie,2018,2,3478,02-2018
30,wielkopolskie,2018,2,16899,02-2018
31,zachodniopomorskie,2018,2,4922,02-2018
32,dolnośląskie,2018,3,12655,03-2018
33,kujawsko-pomorskie,2018,3,8140,03-2018
34,lubelskie,2018,3,8120,03-2018
35,lubuskie,2018,3,4921,03-2018
36,łódzkie,2018,3,10314,03-2018
37,małopolskie,2018,3,14438,03-2018
38,mazowieckie,2018,3,34860,03-2018
39,opolskie,2018,3,3767,03-2018
40,podkarpackie,2018,3,8533,03-2018
41,podlaskie,2018,3,4816,03-2018
42,pomorskie,2018,3,9918,03-2018
43,śląskie,2018,3,18495,03-2018
44,świętokrzyskie,2018,3,4855,03-2018
45,warmińsko-mazurskie,2018,3,4342,03-2018
46,wielkopolskie,2018,3,21719,03-2018
47,zachodniopomorskie,2018,3,6186,03-2018
48,dolnośląskie,2018,4,13904,04-2018
49,kujawsko-pomorskie,2018,4,8529,04-2018
50,lubelskie,2018,4,8907,04-2018
51,lubuskie,2018,4,5196,04-2018
52,łódzkie,2018,4,10865,04-2018
53,małopolskie,2018,4,16440,04-2018
54,mazowieckie,2018,4,35525,04-2018
55,opolskie,2018,4,3910,04-2018
56,podkarpackie,2018,4,9441,04-2018
57,podlaskie,2018,4,4729,04-2018
58,pomorskie,2018,4,10385,04-2018
59,śląskie,2018,4,19770,04-2018
60,świętokrzyskie,2018,4,5295,04-2018
61,warmińsko-mazurskie,2018,4,5005,04-2018
62,wielkopolskie,2018,4,21987,04-2018
63,zachodniopomorskie,2018,4,6444,04-2018
64,dolnośląskie,2018,5,12365,05-2018
65,kujawsko-pomorskie,2018,5,7735,05-2018
66,lubelskie,2018,5,8167,05-2018
67,lubuskie,2018,5,4837,05-2018
68,łódzkie,2018,5,9802,05-2018
69,małopolskie,2018,5,14805,05-2018
70,mazowieckie,2018,5,31346,05-2018
71,opolskie,2018,5,3635,05-2018
72,podkarpackie,2018,5,8717,05-2018
73,podlaskie,2018,5,4282,05-2018
74,pomorskie,2018,5,9367,05-2018
75,śląskie,2018,5,17504,05-2018
76,świętokrzyskie,2018,5,4982,05-2018
77,warmińsko-mazurskie,2018,5,4870,05-2018
78,wielkopolskie,2018,5,20036,05-2018
79,zachodniopomorskie,2018,5,6064,05-2018
80,dolnośląskie,2018,6,12226,06-2018
81,kujawsko-pomorskie,2018,6,7716,06-2018
82,lubelskie,2018,6,8052,06-2018
83,lubuskie,2018,6,4739,06-2018
84,łódzkie,2018,6,9415,06-2018
85,małopolskie,2018,6,15269,06-2018
86,mazowieckie,2018,6,33294,06-2018
87,opolskie,2018,6,3573,06-2018
88,podkarpackie,2018,6,8493,06-2018
89,podlaskie,2018,6,4366,06-2018
90,pomorskie,2018,6,9630,06-2018
91,śląskie,2018,6,17524,06-2018
92,świętokrzyskie,2018,6,4984,06-2018
93,warmińsko-mazurskie,2018,6,4810,06-2018
94,wielkopolskie,2018,6,19948,06-2018
95,zachodniopomorskie,2018,6,5694,06-2018
96,dolnośląskie,2018,7,12699,07-2018
97,kujawsko-pomorskie,2018,7,7904,07-2018
98,lubelskie,2018,7,8374,07-2018
99,lubuskie,2018,7,4829,07-2018
100,łódzkie,2018,7,9547,07-2018
101,małopolskie,2018,7,15013,07-2018
102,mazowieckie,2018,7,33327,07-2018
103,opolskie,2018,7,3630,07-2018
104,podkarpackie,2018,7,8948,07-2018
105,podlaskie,2018,7,4690,07-2018
106,pomorskie,2018,7,9744,07-2018
107,śląskie,2018,7,17503,07-2018
108,świętokrzyskie,2018,7,5136,07-2018
109,warmińsko-mazurskie,2018,7,5005,07-2018
110,wielkopolskie,2018,7,19632,07-2018
111,zachodniopomorskie,2018,7,6356,07-2018
112,dolnośląskie,2018,8,13255,08-2018
113,kujawsko-pomorskie,2018,8,8130,08-2018
114,lubelskie,2018,8,8232,08-2018
115,lubuskie,2018,8,4671,08-2018
116,łódzkie,2018,8,9889,08-2018
117,małopolskie,2018,8,15554,08-2018
118,mazowieckie,2018,8,36081,08-2018
119,opolskie,2018,8,3851,08-2018
120,podkarpackie,2018,8,9308,08-2018
121,podlaskie,2018,8,4663,08-2018
122,pomorskie,2018,8,10107,08-2018
123,śląskie,2018,8,18346,08-2018
124,świętokrzyskie,2018,8,5232,08-2018
125,warmińsko-mazurskie,2018,8,5048,08-2018
126,wielkopolskie,2018,8,19911,08-2018
127,zachodniopomorskie,2018,8,6170,08-2018
128,dolnośląskie,2018,9,10248,09-2018
129,kujawsko-pomorskie,2018,9,6469,09-2018
130,lubelskie,2018,9,6891,09-2018
131,lubuskie,2018,9,4097,09-2018
132,łódzkie,2018,9,8229,09-2018
133,małopolskie,2018,9,12041,09-2018
134,mazowieckie,2018,9,24758,09-2018
135,opolskie,2018,9,3006,09-2018
136,podkarpackie,2018,9,7684,09-2018
137,podlaskie,2018,9,3722,09-2018
138,pomorskie,2018,9,8240,09-2018
139,śląskie,2018,9,14205,09-2018
140,świętokrzyskie,2018,9,4338,09-2018
141,warmińsko-mazurskie,2018,9,4166,09-2018
142,wielkopolskie,2018,9,16339,09-2018
143,zachodniopomorskie,2018,9,5260,09-2018
144,dolnośląskie,2018,10,12642,10-2018
145,kujawsko-pomorskie,2018,10,7827,10-2018
146,lubelskie,2018,10,8475,10-2018
147,lubuskie,2018,10,4889,10-2018
148,łódzkie,2018,10,9641,10-2018
149,małopolskie,2018,10,14353,10-2018
150,mazowieckie,2018,10,30518,10-2018
151,opolskie,2018,10,3700,10-2018
152,podkarpackie,2018,10,8863,10-2018
153,podlaskie,2018,10,4436,10-2018
154,pomorskie,2018,10,9507,10-2018
155,śląskie,2018,10,17933,10-2018
156,świętokrzyskie,2018,10,5143,10-2018
157,warmińsko-mazurskie,2018,10,4677,10-2018
158,wielkopolskie,2018,10,20025,10-2018
159,zachodniopomorskie,2018,10,6441,10-2018
160,dolnośląskie,2018,11,11041,11-2018
161,kujawsko-pomorskie,2018,11,6770,11-2018
162,lubelskie,2018,11,7239,11-2018
163,lubuskie,2018,11,4349,11-2018
164,łódzkie,2018,11,8624,11-2018
165,małopolskie,2018,11,12631,11-2018
166,mazowieckie,2018,11,28143,11-2018
167,opolskie,2018,11,3184,11-2018
168,podkarpackie,2018,11,7921,11-2018
169,podlaskie,2018,11,3887,11-2018
170,pomorskie,2018,11,8494,11-2018
171,śląskie,2018,11,15643,11-2018
172,świętokrzyskie,2018,11,4303,11-2018
173,warmińsko-mazurskie,2018,11,4140,11-2018
174,wielkopolskie,2018,11,18032,11-2018
175,zachodniopomorskie,2018,11,5453,11-2018
176,dolnośląskie,2018,12,10381,12-2018
177,kujawsko-pomorskie,2018,12,6456,12-2018
178,lubelskie,2018,12,6510,12-2018
179,lubuskie,2018,12,3791,12-2018
180,łódzkie,2018,12,7875,12-2018
181,małopolskie,2018,12,11596,12-2018
182,mazowieckie,2018,12,27403,12-2018
183,opolskie,2018,12,2939,12-2018
184,podkarpackie,2018,12,6810,12-2018
185,podlaskie,2018,12,3847,12-2018
186,pomorskie,2018,12,8134,12-2018
187,śląskie,2018,12,14195,12-2018
188,świętokrzyskie,2018,12,4008,12-2018
189,warmińsko-mazurskie,2018,12,3861,12-2018
190,wielkopolskie,2018,12,16558,12-2018
191,zachodniopomorskie,2018,12,5115,12-2018
0,dolnośląskie,2019,1,10777,01-2019
1,kujawsko-pomorskie,2019,1,6703,01-2019
2,lubelskie,2019,1,6752,01-2019
3,lubuskie,2019,1,4205,01-2019
4,łódzkie,2019,1,8850,01-2019
5,małopolskie,2019,1,12231,01-2019
6,mazowieckie,2019,1,26502,01-2019
7,opolskie,2019,1,3460,01-2019
8,podkarpackie,2019,1,6988,01-2019
9,podlaskie,2019,1,3725,01-2019
10,pomorskie,2019,1,8786,01-2019
11,śląskie,2019,1,15778,01-2019
12,świętokrzyskie,2019,1,4236,01-2019
13,warmińsko-mazurskie,2019,1,3845,01-2019
14,wielkopolskie,2019,1,17442,01-2019
15,zachodniopomorskie,2019,1,5252,01-2019
16,dolnośląskie,2019,2,11015,02-2019
17,kujawsko-pomorskie,2019,2,6990,02-2019
18,lubelskie,2019,2,7001,02-2019
19,lubuskie,2019,2,4341,02-2019
20,łódzkie,2019,2,8692,02-2019
21,małopolskie,2019,2,13338,02-2019
22,mazowieckie,2019,2,27185,02-2019
23,opolskie,2019,2,3430,02-2019
24,podkarpackie,2019,2,7233,02-2019
25,podlaskie,2019,2,4036,02-2019
26,pomorskie,2019,2,8932,02-2019
27,śląskie,2019,2,16250,02-2019
28,świętokrzyskie,2019,2,4339,02-2019
29,warmińsko-mazurskie,2019,2,4081,02-2019
30,wielkopolskie,2019,2,18632,02-2019
31,zachodniopomorskie,2019,2,5187,02-2019
32,dolnośląskie,2019,3,13309,03-2019
33,kujawsko-pomorskie,2019,3,8178,03-2019
34,lubelskie,2019,3,8590,03-2019
35,lubuskie,2019,3,5129,03-2019
36,łódzkie,2019,3,10472,03-2019
37,małopolskie,2019,3,15643,03-2019
38,mazowieckie,2019,3,33926,03-2019
39,opolskie,2019,3,3855,03-2019
40,podkarpackie,2019,3,8719,03-2019
41,podlaskie,2019,3,4837,03-2019
42,pomorskie,2019,3,10584,03-2019
43,śląskie,2019,3,19619,03-2019
44,świętokrzyskie,2019,3,5118,03-2019
45,warmińsko-mazurskie,2019,3,5193,03-2019
46,wielkopolskie,2019,3,21662,03-2019
47,zachodniopomorskie,2019,3,6143,03-2019
48,dolnośląskie,2019,4,13825,04-2019
49,kujawsko-pomorskie,2019,4,8681,04-2019
50,lubelskie,2019,4,8990,04-2019
51,lubuskie,2019,4,5222,04-2019
52,łódzkie,2019,4,10439,04-2019
53,małopolskie,2019,4,15767,04-2019
54,mazowieckie,2019,4,34114,04-2019
55,opolskie,2019,4,4001,04-2019
56,podkarpackie,2019,4,9339,04-2019
57,podlaskie,2019,4,5034,04-2019
58,pomorskie,2019,4,10913,04-2019
59,śląskie,2019,4,19166,04-2019
60,świętokrzyskie,2019,4,5344,04-2019
61,warmińsko-mazurskie,2019,4,5633,04-2019
62,wielkopolskie,2019,4,22354,04-2019
63,zachodniopomorskie,2019,4,6450,04-2019
64,dolnośląskie,2019,5,13144,05-2019
65,kujawsko-pomorskie,2019,5,8121,05-2019
66,lubelskie,2019,5,8095,05-2019
67,lubuskie,2019,5,4883,05-2019
68,łódzkie,2019,5,10166,05-2019
69,małopolskie,2019,5,15043,05-2019
70,mazowieckie,2019,5,34501,05-2019
71,opolskie,2019,5,3605,05-2019
72,podkarpackie,2019,5,8596,05-2019
73,podlaskie,2019,5,4682,05-2019
74,pomorskie,2019,5,10334,05-2019
75,śląskie,2019,5,18347,05-2019
76,świętokrzyskie,2019,5,5009,05-2019
77,warmińsko-mazurskie,2019,5,5190,05-2019
78,wielkopolskie,2019,5,21120,05-2019
79,zachodniopomorskie,2019,5,6414,05-2019
80,dolnośląskie,2019,6,11995,06-2019
81,kujawsko-pomorskie,2019,6,7221,06-2019
82,lubelskie,2019,6,7393,06-2019
83,lubuskie,2019,6,4343,06-2019
84,łódzkie,2019,6,9104,06-2019
85,małopolskie,2019,6,13951,06-2019
86,mazowieckie,2019,6,32326,06-2019
87,opolskie,2019,6,3383,06-2019
88,podkarpackie,2019,6,7484,06-2019
89,podlaskie,2019,6,4054,06-2019
90,pomorskie,2019,6,9836,06-2019
91,śląskie,2019,6,16839,06-2019
92,świętokrzyskie,2019,6,4503,06-2019
93,warmińsko-mazurskie,2019,6,4669,06-2019
94,wielkopolskie,2019,6,18782,06-2019
95,zachodniopomorskie,2019,6,5652,06-2019
96,dolnośląskie,2019,7,13589,07-2019
97,kujawsko-pomorskie,2019,7,8418,07-2019
98,lubelskie,2019,7,8860,07-2019
99,lubuskie,2019,7,5094,07-2019
100,łódzkie,2019,7,10528,07-2019
101,małopolskie,2019,7,16076,07-2019
102,mazowieckie,2019,7,35502,07-2019
103,opolskie,2019,7,3987,07-2019
104,podkarpackie,2019,7,9178,07-2019
105,podlaskie,2019,7,5023,07-2019
106,pomorskie,2019,7,10507,07-2019
107,śląskie,2019,7,18546,07-2019
108,świętokrzyskie,2019,7,5359,07-2019
109,warmińsko-mazurskie,2019,7,5423,07-2019
110,wielkopolskie,2019,7,20973,07-2019
111,zachodniopomorskie,2019,7,6642,07-2019
112,dolnośląskie,2019,8,12150,08-2019
113,kujawsko-pomorskie,2019,8,7720,08-2019
114,lubelskie,2019,8,7987,08-2019
115,lubuskie,2019,8,4598,08-2019
116,łódzkie,2019,8,8991,08-2019
117,małopolskie,2019,8,14296,08-2019
118,mazowieckie,2019,8,31812,08-2019
119,opolskie,2019,8,3683,08-2019
120,podkarpackie,2019,8,8768,08-2019
121,podlaskie,2019,8,4319,08-2019
122,pomorskie,2019,8,10049,08-2019
123,śląskie,2019,8,17072,08-2019
124,świętokrzyskie,2019,8,4881,08-2019
125,warmińsko-mazurskie,2019,8,4822,08-2019
126,wielkopolskie,2019,8,18482,08-2019
127,zachodniopomorskie,2019,8,5977,08-2019
128,dolnośląskie,2019,9,11136,09-2019
129,kujawsko-pomorskie,2019,9,6604,09-2019
130,lubelskie,2019,9,7092,09-2019
131,lubuskie,2019,9,4220,09-2019
132,łódzkie,2019,9,8553,09-2019
133,małopolskie,2019,9,12574,09-2019
134,mazowieckie,2019,9,26627,09-2019
135,opolskie,2019,9,3256,09-2019
136,podkarpackie,2019,9,7494,09-2019
137,podlaskie,2019,9,3801,09-2019
138,pomorskie,2019,9,8551,09-2019
139,śląskie,2019,9,15066,09-2019
140,świętokrzyskie,2019,9,4464,09-2019
141,warmińsko-mazurskie,2019,9,4397,09-2019
142,wielkopolskie,2019,9,17019,09-2019
143,zachodniopomorskie,2019,9,5342,09-2019
144,dolnośląskie,2019,10,12848,10-2019
145,kujawsko-pomorskie,2019,10,7547,10-2019
146,lubelskie,2019,10,8128,10-2019
147,lubuskie,2019,10,4969,10-2019
148,łódzkie,2019,10,9958,10-2019
149,małopolskie,2019,10,14618,10-2019
150,mazowieckie,2019,10,32759,10-2019
151,opolskie,2019,10,3681,10-2019
152,podkarpackie,2019,10,8627,10-2019
153,podlaskie,2019,10,4370,10-2019
154,pomorskie,2019,10,9971,10-2019
155,śląskie,2019,10,17489,10-2019
156,świętokrzyskie,2019,10,5128,10-2019
157,warmińsko-mazurskie,2019,10,4858,10-2019
158,wielkopolskie,2019,10,20557,10-2019
159,zachodniopomorskie,2019,10,6181,10-2019
160,dolnośląskie,2019,11,10844,11-2019
161,kujawsko-pomorskie,2019,11,6478,11-2019
162,lubelskie,2019,11,6770,11-2019
163,lubuskie,2019,11,4065,11-2019
164,łódzkie,2019,11,8676,11-2019
165,małopolskie,2019,11,12634,11-2019
166,mazowieckie,2019,11,27816,11-2019
167,opolskie,2019,11,3098,11-2019
168,podkarpackie,2019,11,7112,11-2019
169,podlaskie,2019,11,3660,11-2019
170,pomorskie,2019,11,8276,11-2019
171,śląskie,2019,11,15080,11-2019
172,świętokrzyskie,2019,11,4398,11-2019
173,warmińsko-mazurskie,2019,11,4157,11-2019
174,wielkopolskie,2019,11,17153,11-2019
175,zachodniopomorskie,2019,11,5412,11-2019
176,dolnośląskie,2019,12,11411,12-2019
177,kujawsko-pomorskie,2019,12,6825,12-2019
178,lubelskie,2019,12,7381,12-2019
179,lubuskie,2019,12,3978,12-2019
180,łódzkie,2019,12,8615,12-2019
181,małopolskie,2019,12,12973,12-2019
182,mazowieckie,2019,12,30608,12-2019
183,opolskie,2019,12,3454,12-2019
184,podkarpackie,2019,12,7608,12-2019
185,podlaskie,2019,12,4012,12-2019
186,pomorskie,2019,12,8604,12-2019
187,śląskie,2019,12,16103,12-2019
188,świętokrzyskie,2019,12,4516,12-2019
189,warmińsko-mazurskie,2019,12,4276,12-2019
190,wielkopolskie,2019,12,18431,12-2019
191,zachodniopomorskie,2019,12,5320,12-2019
0,dolnośląskie,2020,1,11380,01-2020
1,kujawsko-pomorskie,2020,1,7039,01-2020
2,lubelskie,2020,1,7517,01-2020
3,lubuskie,2020,1,4243,01-2020
4,łódzkie,2020,1,8611,01-2020
5,małopolskie,2020,1,12851,01-2020
6,mazowieckie,2020,1,26461,01-2020
7,opolskie,2020,1,3300,01-2020
8,podkarpackie,2020,1,7486,01-2020
9,podlaskie,2020,1,3887,01-2020
10,pomorskie,2020,1,7916,01-2020
11,śląskie,2020,1,14912,01-2020
12,świętokrzyskie,2020,1,4818,01-2020
13,warmińsko-mazurskie,2020,1,4328,01-2020
14,wielkopolskie,2020,1,17535,01-2020
15,zachodniopomorskie,2020,1,5371,01-2020
16,dolnośląskie,2020,2,10909,02-2020
17,kujawsko-pomorskie,2020,2,7065,02-2020
18,lubelskie,2020,2,7279,02-2020
19,lubuskie,2020,2,4223,02-2020
20,łódzkie,2020,2,8971,02-2020
21,małopolskie,2020,2,13052,02-2020
22,mazowieckie,2020,2,26880,02-2020
23,opolskie,2020,2,3251,02-2020
24,podkarpackie,2020,2,7498,02-2020
25,podlaskie,2020,2,4029,02-2020
26,pomorskie,2020,2,8822,02-2020
27,śląskie,2020,2,15856,02-2020
28,świętokrzyskie,2020,2,4648,02-2020
29,warmińsko-mazurskie,2020,2,4214,02-2020
30,wielkopolskie,2020,2,17972,02-2020
31,zachodniopomorskie,2020,2,5157,02-2020
32,dolnośląskie,2020,3,8253,03-2020
33,kujawsko-pomorskie,2020,3,5578,03-2020
34,lubelskie,2020,3,4876,03-2020
35,lubuskie,2020,3,3149,03-2020
36,łódzkie,2020,3,5599,03-2020
37,małopolskie,2020,3,8390,03-2020
38,mazowieckie,2020,3,22131,03-2020
39,opolskie,2020,3,2284,03-2020
40,podkarpackie,2020,3,4694,03-2020
41,podlaskie,2020,3,2969,03-2020
42,pomorskie,2020,3,5793,03-2020
43,śląskie,2020,3,9833,03-2020
44,świętokrzyskie,2020,3,2978,03-2020
45,warmińsko-mazurskie,2020,3,2965,03-2020
46,wielkopolskie,2020,3,12908,03-2020
47,zachodniopomorskie,2020,3,3609,03-2020
48,dolnośląskie,2020,4,5002,04-2020
49,kujawsko-pomorskie,2020,4,3087,04-2020
50,lubelskie,2020,4,3088,04-2020
51,lubuskie,2020,4,1883,04-2020
52,łódzkie,2020,4,3951,04-2020
53,małopolskie,2020,4,5121,04-2020
54,mazowieckie,2020,4,13295,04-2020
55,opolskie,2020,4,1370,04-2020
56,podkarpackie,2020,4,3142,04-2020
57,podlaskie,2020,4,1973,04-2020
58,pomorskie,2020,4,4009,04-2020
59,śląskie,2020,4,6577,04-2020
60,świętokrzyskie,2020,4,1697,04-2020
61,warmińsko-mazurskie,2020,4,1855,04-2020
62,wielkopolskie,2020,4,9008,04-2020
63,zachodniopomorskie,2020,4,2101,04-2020
64,dolnośląskie,2020,5,8322,05-2020
65,kujawsko-pomorskie,2020,5,5467,05-2020
66,lubelskie,2020,5,6016,05-2020
67,lubuskie,2020,5,3106,05-2020
68,łódzkie,2020,5,6669,05-2020
69,małopolskie,2020,5,9704,05-2020
70,mazowieckie,2020,5,19377,05-2020
71,opolskie,2020,5,2461,05-2020
72,podkarpackie,2020,5,5838,05-2020
73,podlaskie,2020,5,3314,05-2020
74,pomorskie,2020,5,6002,05-2020
75,śląskie,2020,5,10435,05-2020
76,świętokrzyskie,2020,5,3456,05-2020
77,warmińsko-mazurskie,2020,5,3563,05-2020
78,wielkopolskie,2020,5,13869,05-2020
79,zachodniopomorskie,2020,5,3930,05-2020
80,dolnośląskie,2020,6,11743,06-2020
81,kujawsko-pomorskie,2020,6,7350,06-2020
82,lubelskie,2020,6,7508,06-2020
83,lubuskie,2020,6,4216,06-2020
84,łódzkie,2020,6,8410,06-2020
85,małopolskie,2020,6,12766,06-2020
86,mazowieckie,2020,6,26780,06-2020
87,opolskie,2020,6,3292,06-2020
88,podkarpackie,2020,6,7334,06-2020
89,podlaskie,2020,6,4009,06-2020
90,pomorskie,2020,6,9247,06-2020
91,śląskie,2020,6,14234,06-2020
92,świętokrzyskie,2020,6,4356,06-2020
93,warmińsko-mazurskie,2020,6,4495,06-2020
94,wielkopolskie,2020,6,18218,06-2020
95,zachodniopomorskie,2020,6,5641,06-2020
96,dolnośląskie,2020,7,13435,07-2020
97,kujawsko-pomorskie,2020,7,8227,07-2020
98,lubelskie,2020,7,8459,07-2020
99,lubuskie,2020,7,4983,07-2020
100,łódzkie,2020,7,9589,07-2020
101,małopolskie,2020,7,15211,07-2020
102,mazowieckie,2020,7,31271,07-2020
103,opolskie,2020,7,4038,07-2020
104,podkarpackie,2020,7,8610,07-2020
105,podlaskie,2020,7,4611,07-2020
106,pomorskie,2020,7,10550,07-2020
107,śląskie,2020,7,16557,07-2020
108,świętokrzyskie,2020,7,4901,07-2020
109,warmińsko-mazurskie,2020,7,5558,07-2020
110,wielkopolskie,2020,7,21063,07-2020
111,zachodniopomorskie,2020,7,6506,07-2020
112,dolnośląskie,2020,8,11237,08-2020
113,kujawsko-pomorskie,2020,8,6829,08-2020
114,lubelskie,2020,8,7222,08-2020
115,lubuskie,2020,8,4235,08-2020
116,łódzkie,2020,8,7780,08-2020
117,małopolskie,2020,8,12325,08-2020
118,mazowieckie,2020,8,26198,08-2020
119,opolskie,2020,8,3245,08-2020
120,podkarpackie,2020,8,7501,08-2020
121,podlaskie,2020,8,4219,08-2020
122,pomorskie,2020,8,8527,08-2020
123,śląskie,2020,8,13656,08-2020
124,świętokrzyskie,2020,8,4318,08-2020
125,warmińsko-mazurskie,2020,8,4521,08-2020
126,wielkopolskie,2020,8,17192,08-2020
127,zachodniopomorskie,2020,8,5332,08-2020
128,dolnośląskie,2020,9,12556,09-2020
129,kujawsko-pomorskie,2020,9,7593,09-2020
130,lubelskie,2020,9,8043,09-2020
131,lubuskie,2020,9,4717,09-2020
132,łódzkie,2020,9,8738,09-2020
133,małopolskie,2020,9,13477,09-2020
134,mazowieckie,2020,9,29297,09-2020
135,opolskie,2020,9,3534,09-2020
136,podkarpackie,2020,9,7730,09-2020
137,podlaskie,2020,9,4297,09-2020
138,pomorskie,2020,9,9322,09-2020
139,śląskie,2020,9,15638,09-2020
140,świętokrzyskie,2020,9,4507,09-2020
141,warmińsko-mazurskie,2020,9,4794,09-2020
142,wielkopolskie,2020,9,19842,09-2020
143,zachodniopomorskie,2020,9,5964,09-2020
144,dolnośląskie,2020,10,11715,10-2020
145,kujawsko-pomorskie,2020,10,7213,10-2020
146,lubelskie,2020,10,7513,10-2020
147,lubuskie,2020,10,4232,10-2020
148,łódzkie,2020,10,8446,10-2020
149,małopolskie,2020,10,12227,10-2020
150,mazowieckie,2020,10,28911,10-2020
151,opolskie,2020,10,3469,10-2020
152,podkarpackie,2020,10,7304,10-2020
153,podlaskie,2020,10,3821,10-2020
154,pomorskie,2020,10,9147,10-2020
155,śląskie,2020,10,14884,10-2020
156,świętokrzyskie,2020,10,3962,10-2020
157,warmińsko-mazurskie,2020,10,4567,10-2020
158,wielkopolskie,2020,10,19291,10-2020
159,zachodniopomorskie,2020,10,5746,10-2020
160,dolnośląskie,2020,11,10149,11-2020
161,kujawsko-pomorskie,2020,11,6227,11-2020
162,lubelskie,2020,11,6171,11-2020
163,lubuskie,2020,11,3770,11-2020
164,łódzkie,2020,11,7359,11-2020
165,małopolskie,2020,11,11296,11-2020
166,mazowieckie,2020,11,27031,11-2020
167,opolskie,2020,11,2738,11-2020
168,podkarpackie,2020,11,6223,11-2020
169,podlaskie,2020,11,3206,11-2020
170,pomorskie,2020,11,7938,11-2020
171,śląskie,2020,11,13653,11-2020
172,świętokrzyskie,2020,11,3416,11-2020
173,warmińsko-mazurskie,2020,11,3536,11-2020
174,wielkopolskie,2020,11,16401,11-2020
175,zachodniopomorskie,2020,11,4512,11-2020
176,dolnośląskie,2020,12,12294,12-2020
177,kujawsko-pomorskie,2020,12,7726,12-2020
178,lubelskie,2020,12,7598,12-2020
179,lubuskie,2020,12,4257,12-2020
180,łódzkie,2020,12,8658,12-2020
181,małopolskie,2020,12,13752,12-2020
182,mazowieckie,2020,12,32124,12-2020
183,opolskie,2020,12,3289,12-2020
184,podkarpackie,2020,12,7797,12-2020
185,podlaskie,2020,12,4079,12-2020
186,pomorskie,2020,12,9427,12-2020
187,śląskie,2020,12,15628,12-2020
188,świętokrzyskie,2020,12,4489,12-2020
189,warmińsko-mazurskie,2020,12,4365,12-2020
190,wielkopolskie,2020,12,19515,12-2020
191,zachodniopomorskie,2020,12,5559,12-2020
0,dolnośląskie,2021,1,9493,01-2021
1,kujawsko-pomorskie,2021,1,5769,01-2021
2,lubelskie,2021,1,6313,01-2021
3,lubuskie,2021,1,3539,01-2021
4,łódzkie,2021,1,7006,01-2021
5,małopolskie,2021,1,10672,01-2021
6,mazowieckie,2021,1,21749,01-2021
7,opolskie,2021,1,2724,01-2021
8,podkarpackie,2021,1,6137,01-2021
9,podlaskie,2021,1,3090,01-2021
10,pomorskie,2021,1,7149,01-2021
11,śląskie,2021,1,12337,01-2021
12,świętokrzyskie,2021,1,3846,01-2021
13,warmińsko-mazurskie,2021,1,3184,01-2021
14,wielkopolskie,2021,1,15640,01-2021
15,zachodniopomorskie,2021,1,4254,01-2021
16,dolnośląskie,2021,2,10644,02-2021
17,kujawsko-pomorskie,2021,2,6627,02-2021
18,lubelskie,2021,2,6425,02-2021
19,lubuskie,2021,2,4285,02-2021
20,łódzkie,2021,2,8490,02-2021
21,małopolskie,2021,2,11743,02-2021
22,mazowieckie,2021,2,26317,02-2021
23,opolskie,2021,2,3152,02-2021
24,podkarpackie,2021,2,6201,02-2021
25,podlaskie,2021,2,3492,02-2021
26,pomorskie,2021,2,8275,02-2021
27,śląskie,2021,2,14715,02-2021
28,świętokrzyskie,2021,2,3988,02-2021
29,warmińsko-mazurskie,2021,2,3595,02-2021
30,wielkopolskie,2021,2,17753,02-2021
31,zachodniopomorskie,2021,2,4906,02-2021
32,dolnośląskie,2021,3,14114,03-2021
33,kujawsko-pomorskie,2021,3,8807,03-2021
34,lubelskie,2021,3,9140,03-2021
35,lubuskie,2021,3,5355,03-2021
36,łódzkie,2021,3,10428,03-2021
37,małopolskie,2021,3,16213,03-2021
38,mazowieckie,2021,3,34974,03-2021
39,opolskie,2021,3,3996,03-2021
40,podkarpackie,2021,3,8758,03-2021
41,podlaskie,2021,3,5071,03-2021
42,pomorskie,2021,3,10649,03-2021
43,śląskie,2021,3,19513,03-2021
44,świętokrzyskie,2021,3,5416,03-2021
45,warmińsko-mazurskie,2021,3,5164,03-2021
46,wielkopolskie,2021,3,24139,03-2021
47,zachodniopomorskie,2021,3,6321,03-2021
48,dolnośląskie,2021,4,12186,04-2021
49,kujawsko-pomorskie,2021,4,8075,04-2021
50,lubelskie,2021,4,8191,04-2021
51,lubuskie,2021,4,4424,04-2021
52,łódzkie,2021,4,9756,04-2021
53,małopolskie,2021,4,14031,04-2021
54,mazowieckie,2021,4,32734,04-2021
55,opolskie,2021,4,3477,04-2021
56,podkarpackie,2021,4,8078,04-2021
57,podlaskie,2021,4,4494,04-2021
58,pomorskie,2021,4,9686,04-2021
59,śląskie,2021,4,16210,04-2021
60,świętokrzyskie,2021,4,4753,04-2021
61,warmińsko-mazurskie,2021,4,4951,04-2021
62,wielkopolskie,2021,4,21244,04-2021
63,zachodniopomorskie,2021,4,5698,04-2021
64,dolnośląskie,2021,5,12716,05-2021
65,kujawsko-pomorskie,2021,5,7695,05-2021
66,lubelskie,2021,5,8188,05-2021
67,lubuskie,2021,5,4897,05-2021
68,łódzkie,2021,5,9693,05-2021
69,małopolskie,2021,5,14752,05-2021
70,mazowieckie,2021,5,32814,05-2021
71,opolskie,2021,5,3647,05-2021
72,podkarpackie,2021,5,8431,05-2021
73,podlaskie,2021,5,4725,05-2021
74,pomorskie,2021,5,9638,05-2021
75,śląskie,2021,5,16763,05-2021
76,świętokrzyskie,2021,5,4941,05-2021
77,warmińsko-mazurskie,2021,5,5030,05-2021
78,wielkopolskie,2021,5,20817,05-2021
79,zachodniopomorskie,2021,5,5738,05-2021
80,dolnośląskie,2021,6,13243,06-2021
81,kujawsko-pomorskie,2021,6,7999,06-2021
82,lubelskie,2021,6,8442,06-2021
83,lubuskie,2021,6,4992,06-2021
84,łódzkie,2021,6,10136,06-2021
85,małopolskie,2021,6,14926,06-2021
86,mazowieckie,2021,6,34268,06-2021
87,opolskie,2021,6,3721,06-2021
88,podkarpackie,2021,6,8593,06-2021
89,podlaskie,2021,6,4747,06-2021
90,pomorskie,2021,6,10172,06-2021
91,śląskie,2021,6,17486,06-2021
92,świętokrzyskie,2021,6,5230,06-2021
93,warmińsko-mazurskie,2021,6,5184,06-2021
94,wielkopolskie,2021,6,20853,06-2021
95,zachodniopomorskie,2021,6,5928,06-2021
96,dolnośląskie,2021,7,12145,07-2021
97,kujawsko-pomorskie,2021,7,7610,07-2021
98,lubelskie,2021,7,7779,07-2021
99,lubuskie,2021,7,4436,07-2021
100,łódzkie,2021,7,9018,07-2021
101,małopolskie,2021,7,13907,07-2021
102,mazowieckie,2021,7,31585,07-2021
103,opolskie,2021,7,3541,07-2021
104,podkarpackie,2021,7,7934,07-2021
105,podlaskie,2021,7,4557,07-2021
106,pomorskie,2021,7,9466,07-2021
107,śląskie,2021,7,15878,07-2021
108,świętokrzyskie,2021,7,4896,07-2021
109,warmińsko-mazurskie,2021,7,5105,07-2021
110,wielkopolskie,2021,7,19198,07-2021
111,zachodniopomorskie,2021,7,5963,07-2021
112,dolnośląskie,2021,8,11034,08-2021
113,kujawsko-pomorskie,2021,8,6777,08-2021
114,lubelskie,2021,8,7405,08-2021
115,lubuskie,2021,8,4345,08-2021
116,łódzkie,2021,8,7987,08-2021
117,małopolskie,2021,8,12526,08-2021
118,mazowieckie,2021,8,27981,08-2021
119,opolskie,2021,8,3239,08-2021
120,podkarpackie,2021,8,7643,08-2021
121,podlaskie,2021,8,4149,08-2021
122,pomorskie,2021,8,8551,08-2021
123,śląskie,2021,8,13826,08-2021
124,świętokrzyskie,2021,8,4396,08-2021
125,warmińsko-mazurskie,2021,8,4526,08-2021
126,wielkopolskie,2021,8,17289,08-2021
127,zachodniopomorskie,2021,8,5437,08-2021
128,dolnośląskie,2021,9,10898,09-2021
129,kujawsko-pomorskie,2021,9,6919,09-2021
130,lubelskie,2021,9,7470,09-2021
131,lubuskie,2021,9,4480,09-2021
132,łódzkie,2021,9,8480,09-2021
133,małopolskie,2021,9,12625,09-2021
134,mazowieckie,2021,9,28183,09-2021
135,opolskie,2021,9,3253,09-2021
136,podkarpackie,2021,9,7440,09-2021
137,podlaskie,2021,9,4063,09-2021
138,pomorskie,2021,9,8430,09-2021
139,śląskie,2021,9,14487,09-2021
140,świętokrzyskie,2021,9,4411,09-2021
141,warmińsko-mazurskie,2021,9,4460,09-2021
142,wielkopolskie,2021,9,18405,09-2021
143,zachodniopomorskie,2021,9,5348,09-2021
144,dolnośląskie,2021,10,10176,10-2021
145,kujawsko-pomorskie,2021,10,6596,10-2021
146,lubelskie,2021,10,7038,10-2021
147,lubuskie,2021,10,4312,10-2021
148,łódzkie,2021,10,8218,10-2021
149,małopolskie,2021,10,12349,10-2021
150,mazowieckie,2021,10,27500,10-2021
151,opolskie,2021,10,3145,10-2021
152,podkarpackie,2021,10,7002,10-2021
153,podlaskie,2021,10,3799,10-2021
154,pomorskie,2021,10,8220,10-2021
155,śląskie,2021,10,14016,10-2021
156,świętokrzyskie,2021,10,4270,10-2021
157,warmińsko-mazurskie,2021,10,3977,10-2021
158,wielkopolskie,2021,10,17906,10-2021
159,zachodniopomorskie,2021,10,5044,10-2021
160,dolnośląskie,2021,11,9914,11-2021
161,kujawsko-pomorskie,2021,11,6128,11-2021
162,lubelskie,2021,11,6701,11-2021
163,lubuskie,2021,11,3959,11-2021
164,łódzkie,2021,11,8157,11-2021
165,małopolskie,2021,11,11422,11-2021
166,mazowieckie,2021,11,26821,11-2021
167,opolskie,2021,11,2849,11-2021
168,podkarpackie,2021,11,6813,11-2021
169,podlaskie,2021,11,3616,11-2021
170,pomorskie,2021,11,7786,11-2021
171,śląskie,2021,11,13198,11-2021
172,świętokrzyskie,2021,11,4169,11-2021
173,warmińsko-mazurskie,2021,11,3852,11-2021
174,wielkopolskie,2021,11,17040,11-2021
175,zachodniopomorskie,2021,11,4827,11-2021
176,dolnośląskie,2021,12,9735,12-2021
177,kujawsko-pomorskie,2021,12,6433,12-2021
178,lubelskie,2021,12,7155,12-2021
179,lubuskie,2021,12,3675,12-2021
180,łódzkie,2021,12,8033,12-2021
181,małopolskie,2021,12,12012,12-2021
182,mazowieckie,2021,12,29379,12-2021
183,opolskie,2021,12,3109,12-2021
184,podkarpackie,2021,12,6992,12-2021
185,podlaskie,2021,12,3897,12-2021
186,pomorskie,2021,12,8177,12-2021
187,śląskie,2021,12,13147,12-2021
188,świętokrzyskie,2021,12,4146,12-2021
189,warmińsko-mazurskie,2021,12,3805,12-2021
190,wielkopolskie,2021,12,17589,12-2021
191,zachodniopomorskie,2021,12,4571,12-2021
0,dolnośląskie,2022,1,8539,01-2022
1,kujawsko-pomorskie,2022,1,5232,01-2022
2,lubelskie,2022,1,6007,01-2022
3,lubuskie,2022,1,3464,01-2022
4,łódzkie,2022,1,7156,01-2022
5,małopolskie,2022,1,9780,01-2022
6,mazowieckie,2022,1,22542,01-2022
7,opolskie,2022,1,2480,01-2022
8,podkarpackie,2022,1,5514,01-2022
9,podlaskie,2022,1,3181,01-2022
10,pomorskie,2022,1,6619,01-2022
11,śląskie,2022,1,11203,01-2022
12,świętokrzyskie,2022,1,3623,01-2022
13,warmińsko-mazurskie,2022,1,3309,01-2022
14,wielkopolskie,2022,1,14035,01-2022
15,zachodniopomorskie,2022,1,4101,01-2022
16,dolnośląskie,2022,2,9320,02-2022
17,kujawsko-pomorskie,2022,2,6054,02-2022
18,lubelskie,2022,2,6105,02-2022
19,lubuskie,2022,2,3699,02-2022
20,łódzkie,2022,2,7538,02-2022
21,małopolskie,2022,2,11114,02-2022
22,mazowieckie,2022,2,25219,02-2022
23,opolskie,2022,2,2694,02-2022
24,podkarpackie,2022,2,6052,02-2022
25,podlaskie,2022,2,3673,02-2022
26,pomorskie,2022,2,6980,02-2022
27,śląskie,2022,2,12590,02-2022
28,świętokrzyskie,2022,2,3831,02-2022
29,warmińsko-mazurskie,2022,2,3670,02-2022
30,wielkopolskie,2022,2,16281,02-2022
31,zachodniopomorskie,2022,2,4272,02-2022
32,dolnośląskie,2022,3,10728,03-2022
33,kujawsko-pomorskie,2022,3,7303,03-2022
34,lubelskie,2022,3,7447,03-2022
35,lubuskie,2022,3,4205,03-2022
36,łódzkie,2022,3,8808,03-2022
37,małopolskie,2022,3,13313,03-2022
38,mazowieckie,2022,3,30734,03-2022
39,opolskie,2022,3,3272,03-2022
40,podkarpackie,2022,3,7333,03-2022
41,podlaskie,2022,3,4289,03-2022
42,pomorskie,2022,3,8917,03-2022
43,śląskie,2022,3,15189,03-2022
44,świętokrzyskie,2022,3,4367,03-2022
45,warmińsko-mazurskie,2022,3,4354,03-2022
46,wielkopolskie,2022,3,18988,03-2022
47,zachodniopomorskie,2022,3,5379,03-2022
48,dolnośląskie,2022,4,10228,04-2022
49,kujawsko-pomorskie,2022,4,6399,04-2022
50,lubelskie,2022,4,6766,04-2022
51,lubuskie,2022,4,3863,04-2022
52,łódzkie,2022,4,8198,04-2022
53,małopolskie,2022,4,12193,04-2022
54,mazowieckie,2022,4,28099,04-2022
55,opolskie,2022,4,2997,04-2022
56,podkarpackie,2022,4,6861,04-2022
57,podlaskie,2022,4,3931,04-2022
58,pomorskie,2022,4,8126,04-2022
59,śląskie,2022,4,13555,04-2022
60,świętokrzyskie,2022,4,3982,04-2022
61,warmińsko-mazurskie,2022,4,4284,04-2022
62,wielkopolskie,2022,4,17798,04-2022
63,zachodniopomorskie,2022,4,4916,04-2022
64,dolnośląskie,2022,5,10694,05-2022
65,kujawsko-pomorskie,2022,5,6565,05-2022
66,lubelskie,2022,5,7227,05-2022
67,lubuskie,2022,5,4100,05-2022
68,łódzkie,2022,5,8568,05-2022
69,małopolskie,2022,5,12352,05-2022
70,mazowieckie,2022,5,29620,05-2022
71,opolskie,2022,5,3133,05-2022
72,podkarpackie,2022,5,7299,05-2022
73,podlaskie,2022,5,4098,05-2022
74,pomorskie,2022,5,8322,05-2022
75,śląskie,2022,5,14399,05-2022
76,świętokrzyskie,2022,5,4328,05-2022
77,warmińsko-mazurskie,2022,5,4092,05-2022
78,wielkopolskie,2022,5,17973,05-2022
79,zachodniopomorskie,2022,5,5118,05-2022
80,dolnośląskie,2022,6,10965,06-2022
81,kujawsko-pomorskie,2022,6,6334,06-2022
82,lubelskie,2022,6,7112,06-2022
83,lubuskie,2022,6,4073,06-2022
84,łódzkie,2022,6,8461,06-2022
85,małopolskie,2022,6,13162,06-2022
86,mazowieckie,2022,6,30427,06-2022
87,opolskie,2022,6,3269,06-2022
88,podkarpackie,2022,6,7106,06-2022
89,podlaskie,2022,6,3951,06-2022
90,pomorskie,2022,6,8444,06-2022
91,śląskie,2022,6,14530,06-2022
92,świętokrzyskie,2022,6,4209,06-2022
93,warmińsko-mazurskie,2022,6,4022,06-2022
94,wielkopolskie,2022,6,17562,06-2022
95,zachodniopomorskie,2022,6,5246,06-2022
96,dolnośląskie,2022,7,9591,07-2022
97,kujawsko-pomorskie,2022,7,6135,07-2022
98,lubelskie,2022,7,6734,07-2022
99,lubuskie,2022,7,3849,07-2022
100,łódzkie,2022,7,7954,07-2022
101,małopolskie,2022,7,11445,07-2022
102,mazowieckie,2022,7,26746,07-2022
103,opolskie,2022,7,2931,07-2022
104,podkarpackie,2022,7,6940,07-2022
105,podlaskie,2022,7,3971,07-2022
106,pomorskie,2022,7,7864,07-2022
107,śląskie,2022,7,12898,07-2022
108,świętokrzyskie,2022,7,4086,07-2022
109,warmińsko-mazurskie,2022,7,3806,07-2022
110,wielkopolskie,2022,7,15795,07-2022
111,zachodniopomorskie,2022,7,4770,07-2022
112,dolnośląskie,2022,8,9305,08-2022
113,kujawsko-pomorskie,2022,8,5673,08-2022
114,lubelskie,2022,8,6831,08-2022
115,lubuskie,2022,8,3810,08-2022
116,łódzkie,2022,8,7128,08-2022
117,małopolskie,2022,8,10824,08-2022
118,mazowieckie,2022,8,26313,08-2022
119,opolskie,2022,8,2808,08-2022
120,podkarpackie,2022,8,6709,08-2022
121,podlaskie,2022,8,3652,08-2022
122,pomorskie,2022,8,7590,08-2022
123,śląskie,2022,8,12566,08-2022
124,świętokrzyskie,2022,8,4162,08-2022
125,warmińsko-mazurskie,2022,8,3792,08-2022
126,wielkopolskie,2022,8,15437,08-2022
127,zachodniopomorskie,2022,8,4651,08-2022
128,dolnośląskie,2022,9,9689,09-2022
129,kujawsko-pomorskie,2022,9,6006,09-2022
130,lubelskie,2022,9,6933,09-2022
131,lubuskie,2022,9,3717,09-2022
132,łódzkie,2022,9,7893,09-2022
133,małopolskie,2022,9,11719,09-2022
134,mazowieckie,2022,9,28344,09-2022
135,opolskie,2022,9,2818,09-2022
136,podkarpackie,2022,9,6591,09-2022
137,podlaskie,2022,9,3648,09-2022
138,pomorskie,2022,9,7489,09-2022
139,śląskie,2022,9,13031,09-2022
140,świętokrzyskie,2022,9,4136,09-2022
141,warmińsko-mazurskie,2022,9,3842,09-2022
142,wielkopolskie,2022,9,16295,09-2022
143,zachodniopomorskie,2022,9,4855,09-2022
144,dolnośląskie,2022,10,9170,10-2022
145,kujawsko-pomorskie,2022,10,5634,10-2022
146,lubelskie,2022,10,6331,10-2022
147,lubuskie,2022,10,3660,10-2022
148,łódzkie,2022,10,7155,10-2022
149,małopolskie,2022,10,10320,10-2022
150,mazowieckie,2022,10,26121,10-2022
151,opolskie,2022,10,2721,10-2022
152,podkarpackie,2022,10,6189,10-2022
153,podlaskie,2022,10,3412,10-2022
154,pomorskie,2022,10,7075,10-2022
155,śląskie,2022,10,12033,10-2022
156,świętokrzyskie,2022,10,3614,10-2022
157,warmińsko-mazurskie,2022,10,3432,10-2022
158,wielkopolskie,2022,10,15609,10-2022
159,zachodniopomorskie,2022,10,4403,10-2022
160,dolnośląskie,2022,11,,11-2022
161,kujawsko-pomorskie,2022,11,,11-2022
162,lubelskie,2022,11,,11-2022
163,lubuskie,2022,11,,11-2022
164,łódzkie,2022,11,,11-2022
165,małopolskie,2022,11,,11-2022
166,mazowieckie,2022,11,,11-2022
167,opolskie,2022,11,,11-2022
168,podkarpackie,2022,11,,11-2022
169,podlaskie,2022,11,,11-2022
170,pomorskie,2022,11,,11-2022
171,śląskie,2022,11,,11-2022
172,świętokrzyskie,2022,11,,11-2022
173,warmińsko-mazurskie,2022,11,,11-2022
174,wielkopolskie,2022,11,,11-2022
175,zachodniopomorskie,2022,11,,11-2022
176,dolnośląskie,2022,12,,12-2022
177,kujawsko-pomorskie,2022,12,,12-2022
178,lubelskie,2022,12,,12-2022
179,lubuskie,2022,12,,12-2022
180,łódzkie,2022,12,,12-2022
181,małopolskie,2022,12,,12-2022
182,mazowieckie,2022,12,,12-2022
183,opolskie,2022,12,,12-2022
184,podkarpackie,2022,12,,12-2022
185,podlaskie,2022,12,,12-2022
186,pomorskie,2022,12,,12-2022
187,śląskie,2022,12,,12-2022
188,świętokrzyskie,2022,12,,12-2022
189,warmińsko-mazurskie,2022,12,,12-2022
190,wielkopolskie,2022,12,,12-2022
191,zachodniopomorskie,2022,12,,12-2022
